{
  "$schema": "https://schema.tauri.app/config/2",
  "productName": "oicopy-tauri-nspanel",
  "version": "0.1.0",
  "identifier": "com.oicopy-tauri-nspanel.app",
  "build": {
    "beforeDevCommand": "pnpm dev",
    "devUrl": "http://localhost:1420",
    "beforeBuildCommand": "pnpm build",
    "frontendDist": "../dist"
  },
  "app": {
    "macOSPrivateApi": true,
    "windows": [

    ],
    "security": {
      "csp": null
    }
  },
  "bundle": {
    "active": true,
    "targets": "all",
    "icon": [
      "icons/32x32.png",
      "icons/128x128.png",
      "icons/128x128@2x.png",
      "icons/icon.icns",
      "icons/icon.ico"
    ]
  }
}
